<item>
<version>2.0.0.0</version>
<!--  Pflicht: Version im X.X.X.X-Format  -->
<url>https://tristanatze.github.io/4Time/</url>
<!--  Pflicht: Download-URL  -->
<changelog>https://example.com/changelog.html</changelog>
<!--  Optional  -->
<mandatory>false</mandatory>
<!--  Optional: true = kein Überspringen erlaubt  -->
<releaseNotes>https://tristanatze.github.io/4Time/Changelog.txt</releaseNotes>
<!--  Optional  -->
<hash>SHA256-Hash-der-Datei</hash>
<!--  Optional: Integritätsprüfung  -->
</item>
